Media,SOFTWARE FAILURE
Media,PERFORMANCE ISSUE
Baja,PROCESS FAILURE
Media,SOFTWARE FAILURE
Media,PERFORMANCE ISSUE
Baja,ACCESS FAILURE
Media,DEFAULT
Media,SOFTWARE FAILURE
Baja,DATA ISSUE
Media,SOFTWARE FAILURE
Baja,SOFTWARE FAILURE
Baja,SOFTWARE FAILURE
Media,PERFORMANCE ISSUE
Media,PERFORMANCE ISSUE
Media,PERFORMANCE ISSUE
Media,SOFTWARE FAILURE
Baja,SOFTWARE FAILURE
Media,DEFAULT
Media,PERFORMANCE ISSUE
Media,DATA ISSUE
Media,PERFORMANCE ISSUE
Media,SOFTWARE FAILURE
Media,SOFTWARE FAILURE
Baja,SOFTWARE FAILURE
Baja,SOFTWARE FAILURE
Media,SOFTWARE FAILURE
Baja,SOFTWARE FAILURE
Baja,SOFTWARE FAILURE
Media,PERFORMANCE ISSUE
Media,SOFTWARE FAILURE
Media,SOFTWARE FAILURE
Media,DATA ISSUE
Media,SOFTWARE FAILURE
Baja,SOFTWARE FAILURE
Baja,SOFTWARE FAILURE
Baja,SOFTWARE FAILURE
Baja,ACCESS FAILURE
Baja,SOFTWARE FAILURE
Media,SOFTWARE FAILURE
Media,PERFORMANCE ISSUE
Media,SOFTWARE FAILURE
Baja,SECURITY ISSUE.CYBERATTACKS
Media,DATA ISSUE
Media,ACCESS FAILURE
Media,SOFTWARE FAILURE
Media,SOFTWARE FAILURE
Media,SOFTWARE FAILURE
Media,SOFTWARE FAILURE
Baja,ACCESS FAILURE
Baja,SOFTWARE FAILURE
Baja,DATA ISSUE
Baja,SOFTWARE FAILURE
Media,SECURITY ISSUE
Media,DEFAULT
Media,ACCESS FAILURE
Media,DEFAULT
Media,SOFTWARE FAILURE
Media,SOFTWARE FAILURE
Baja,DATA ISSUE
Baja,SOFTWARE FAILURE
Baja,PROCESS FAILURE
Baja,SOFTWARE FAILURE
Baja,DATA ISSUE
Baja,SOFTWARE FAILURE
Media,PROCESS FAILURE
Baja,PROCESS FAILURE
Baja,PROCESS FAILURE
Baja,SOFTWARE FAILURE
Alta,ACCESS FAILURE
Media,PERFORMANCE ISSUE
Media,SOFTWARE FAILURE
Baja,SOFTWARE FAILURE
Media,DATA ISSUE
Media,ACCESS FAILURE
Baja,ACCESS FAILURE
Baja,DATA ISSUE
Media,SOFTWARE FAILURE
Media,SOFTWARE FAILURE
Media,SOFTWARE FAILURE
Baja,SOFTWARE FAILURE
Baja,SOFTWARE FAILURE
Baja,SOFTWARE FAILURE
Baja,SOFTWARE FAILURE
Baja,SOFTWARE FAILURE
Media,PERFORMANCE ISSUE
Baja,PROCESS FAILURE
Media,PERFORMANCE ISSUE
Media,SOFTWARE FAILURE
Media,ACCESS FAILURE
Media,ACCESS FAILURE
Media,PERFORMANCE ISSUE
Media,DATA ISSUE
Media,SOFTWARE FAILURE
Media,SOFTWARE FAILURE
Baja,DEFAULT
Media,SECURITY ISSUE
Media,SOFTWARE FAILURE
Baja,PROCESS FAILURE
Baja,SOFTWARE FAILURE
Media,ACCESS FAILURE
Media,SOFTWARE FAILURE
Media,SOFTWARE FAILURE
Media,SOFTWARE FAILURE
Media,SOFTWARE FAILURE
Media,SOFTWARE FAILURE
Media,SOFTWARE FAILURE
Baja,SOFTWARE FAILURE
Media,ACCESS FAILURE
Media,SOFTWARE FAILURE
Media,SOFTWARE FAILURE
Media,SOFTWARE FAILURE
Media,SOFTWARE FAILURE
Media,COMMUNICATIONS FAILURE
Baja,SOFTWARE FAILURE
Media,SECURITY ISSUE
Media,PERFORMANCE ISSUE
Baja,PROCESS FAILURE
Media,PERFORMANCE ISSUE
Media,DATA ISSUE
Baja,ACCESS FAILURE
Baja,PROCESS FAILURE
Media,ACCESS FAILURE
Baja,DATA ISSUE
Media,ACCESS FAILURE
Baja,SOFTWARE FAILURE
Media,DATA ISSUE
Baja,SOFTWARE FAILURE
Baja,SOFTWARE FAILURE
Media,SOFTWARE FAILURE
Media,SOFTWARE FAILURE
Media,SOFTWARE FAILURE
Baja,SOFTWARE FAILURE
Baja,ACCESS FAILURE
Media,SOFTWARE FAILURE
Baja,DATA ISSUE
Media,SOFTWARE FAILURE
Baja,SOFTWARE FAILURE
Baja,TELEPHONY FAILURE
Baja,SOFTWARE FAILURE
Media,SOFTWARE FAILURE
Media,SOFTWARE FAILURE
Baja,DATA ISSUE
Media,SOFTWARE FAILURE
Baja,DATA ISSUE
Baja,PRINTING FAILURE
Baja,SOFTWARE FAILURE
Media,SOFTWARE FAILURE
Baja,HARDWARE FAILURE
Baja,DATA ISSUE
Media,SOFTWARE FAILURE
Baja,SOFTWARE FAILURE
Media,SOFTWARE FAILURE
Media,SOFTWARE FAILURE
Media,ACCESS FAILURE
Media,SOFTWARE FAILURE
Media,DATA ISSUE
Baja,SOFTWARE FAILURE
Baja,SOFTWARE FAILURE
Media,ACCESS FAILURE
Media,COMMUNICATIONS FAILURE
Media,SOFTWARE FAILURE
Media,SOFTWARE FAILURE
Media,SOFTWARE FAILURE
Media,SOFTWARE FAILURE
Media,SOFTWARE FAILURE
Baja,SOFTWARE FAILURE
Media,SOFTWARE FAILURE
Media,ACCESS FAILURE
Media,SOFTWARE FAILURE
Media,ACCESS FAILURE
Baja,SOFTWARE FAILURE
Media,SOFTWARE FAILURE
Media,SOFTWARE FAILURE
Media,SOFTWARE FAILURE
Baja,SOFTWARE FAILURE
Baja,SOFTWARE FAILURE
Media,SOFTWARE FAILURE
Media,SOFTWARE FAILURE
Baja,SOFTWARE FAILURE
Media,ACCESS FAILURE
Media,DEFAULT
Baja,ACCESS FAILURE
Baja,SOFTWARE FAILURE
Baja,SOFTWARE FAILURE
Media,HARDWARE FAILURE
Baja,SOFTWARE FAILURE
Media,SOFTWARE FAILURE
Media,SOFTWARE FAILURE
Media,SOFTWARE FAILURE
Baja,SOFTWARE FAILURE
Media,SOFTWARE FAILURE
Media,ACCESS FAILURE
Baja,SOFTWARE FAILURE
Media,SOFTWARE FAILURE
Baja,DATA ISSUE
Media,SOFTWARE FAILURE
Baja,SOFTWARE FAILURE
Media,PERFORMANCE ISSUE
Baja,SOFTWARE FAILURE
Baja,SOFTWARE FAILURE
Baja,SOFTWARE FAILURE
Media,SOFTWARE FAILURE
Media,SOFTWARE FAILURE
Media,ACCESS FAILURE
Baja,PRINTING FAILURE
Baja,ACCESS FAILURE
Baja,DATA ISSUE
Media,PERFORMANCE ISSUE
Baja,ACCESS FAILURE
Baja,TELEPHONY FAILURE
Media,ACCESS FAILURE
Baja,SOFTWARE FAILURE
Baja,HARDWARE FAILURE
Baja,SOFTWARE FAILURE
Media,SOFTWARE FAILURE
Baja,ACCESS FAILURE
Baja,SOFTWARE FAILURE
Baja,SOFTWARE FAILURE
Baja,DATA ISSUE
Media,PERFORMANCE ISSUE
Media,SOFTWARE FAILURE
Baja,HARDWARE FAILURE
Media,SOFTWARE FAILURE
Media,SOFTWARE FAILURE
Baja,SOFTWARE FAILURE
Media,SOFTWARE FAILURE
Media,SOFTWARE FAILURE
Media,SOFTWARE FAILURE
Media,COMMUNICATIONS FAILURE
Media,SOFTWARE FAILURE
Media,SOFTWARE FAILURE
Media,ACCESS FAILURE
Media,SOFTWARE FAILURE
Baja,DATA ISSUE
Baja,SOFTWARE FAILURE
Media,COMMUNICATIONS FAILURE
Media,SOFTWARE FAILURE
Baja,SOFTWARE FAILURE
Baja,SOFTWARE FAILURE
Baja,SOFTWARE FAILURE
Media,SOFTWARE FAILURE
Media,SOFTWARE FAILURE
Media,PERFORMANCE ISSUE
Media,ACCESS FAILURE
Baja,SOFTWARE FAILURE
Baja,DATA ISSUE
Media,SOFTWARE FAILURE
Baja,TELEPHONY FAILURE
Baja,SOFTWARE FAILURE
Baja,DATA ISSUE
Baja,PROCESS FAILURE
Media,SOFTWARE FAILURE
Baja,PROCESS FAILURE
Baja,TELEPHONY FAILURE
Baja,TELEPHONY FAILURE
Media,SOFTWARE FAILURE
Media,SOFTWARE FAILURE
Media,SOFTWARE FAILURE
Baja,ACCESS FAILURE
Baja,ACCESS FAILURE
Media,ACCESS FAILURE
Baja,DEFAULT
Media,PERFORMANCE ISSUE
Baja,SOFTWARE FAILURE
Baja,SOFTWARE FAILURE
Media,SOFTWARE FAILURE
Baja,SOFTWARE FAILURE
Media,SOFTWARE FAILURE
Media,SOFTWARE FAILURE
Media,PROCESS FAILURE
Baja,SOFTWARE FAILURE
Media,SOFTWARE FAILURE
Media,SOFTWARE FAILURE
Baja,ACCESS FAILURE
Media,ACCESS FAILURE
Media,SOFTWARE FAILURE
Media,SOFTWARE FAILURE
Media,SOFTWARE FAILURE
Media,SOFTWARE FAILURE
Media,PERFORMANCE ISSUE
Baja,SOFTWARE FAILURE
Baja,DATA ISSUE
Baja,SOFTWARE FAILURE
Media,SOFTWARE FAILURE
Baja,PRINTING FAILURE
Baja,PERFORMANCE ISSUE
Media,SOFTWARE FAILURE
Baja,SOFTWARE FAILURE
Baja,SOFTWARE FAILURE
Baja,SOFTWARE FAILURE
Media,SOFTWARE FAILURE
Media,SOFTWARE FAILURE
Media,ACCESS FAILURE
Media,SOFTWARE FAILURE
Baja,SOFTWARE FAILURE
Media,SOFTWARE FAILURE
Media,SOFTWARE FAILURE
Media,ACCESS FAILURE
Baja,DATA ISSUE
Baja,ACCESS FAILURE
Baja,SOFTWARE FAILURE
Baja,SOFTWARE FAILURE
Baja,TELEPHONY FAILURE
Baja,PROCESS FAILURE
Baja,PRINTING FAILURE
Media,SOFTWARE FAILURE
Media,TELEPHONY FAILURE
Media,ACCESS FAILURE
Baja,PRINTING FAILURE
Baja,SOFTWARE FAILURE
Media,DEFAULT
Baja,SOFTWARE FAILURE
Baja,ACCESS FAILURE
Media,SOFTWARE FAILURE
Media,SOFTWARE FAILURE
Baja,SOFTWARE FAILURE
Baja,SOFTWARE FAILURE
Baja,SOFTWARE FAILURE
Baja,TELEPHONY FAILURE
Media,SOFTWARE FAILURE
Media,ACCESS FAILURE
Media,COMMUNICATIONS FAILURE
Media,DEFAULT
Media,SOFTWARE FAILURE
Media,SOFTWARE FAILURE
Media,SOFTWARE FAILURE
Baja,ACCESS FAILURE
Baja,SOFTWARE FAILURE
Baja,SOFTWARE FAILURE
Media,SOFTWARE FAILURE
Media,SOFTWARE FAILURE
Baja,SOFTWARE FAILURE
Media,SOFTWARE FAILURE
Baja,SOFTWARE FAILURE
Media,SOFTWARE FAILURE
Media,ACCESS FAILURE
Baja,SOFTWARE FAILURE
Media,SOFTWARE FAILURE
Baja,SOFTWARE FAILURE
Baja,SOFTWARE FAILURE
Baja,SOFTWARE FAILURE
Media,SOFTWARE FAILURE
Baja,SOFTWARE FAILURE
Media,SOFTWARE FAILURE
Baja,SOFTWARE FAILURE
Baja,SOFTWARE FAILURE
Baja,SOFTWARE FAILURE
Media,PRINTING FAILURE
Baja,SOFTWARE FAILURE
Baja,HARDWARE FAILURE
Media,SOFTWARE FAILURE
Baja,SOFTWARE FAILURE
Media,PROCESS FAILURE
Media,PERFORMANCE ISSUE
Media,ACCESS FAILURE
Media,SOFTWARE FAILURE
Media,SOFTWARE FAILURE
Media,PERFORMANCE ISSUE
Baja,SOFTWARE FAILURE
Baja,SOFTWARE FAILURE
Baja,ACCESS FAILURE
Media,SOFTWARE FAILURE
Baja,SOFTWARE FAILURE
Media,ACCESS FAILURE
Media,SOFTWARE FAILURE
Baja,SOFTWARE FAILURE
Media,SOFTWARE FAILURE
Media,SOFTWARE FAILURE
Media,SOFTWARE FAILURE
Baja,ACCESS FAILURE
Media,SOFTWARE FAILURE
Baja,ACCESS FAILURE
Baja,ACCESS FAILURE
Media,SOFTWARE FAILURE
Media,SOFTWARE FAILURE
Media,SOFTWARE FAILURE
Media,PRINTING FAILURE
Baja,TELEPHONY FAILURE
Baja,ACCESS FAILURE
Baja,SOFTWARE FAILURE
Media,ACCESS FAILURE
Baja,SOFTWARE FAILURE
Baja,PERFORMANCE ISSUE
Media,SOFTWARE FAILURE
Baja,ACCESS FAILURE
Media,SOFTWARE FAILURE
Media,SOFTWARE FAILURE
Baja,DATA ISSUE
Media,SOFTWARE FAILURE
Baja,SOFTWARE FAILURE
Baja,SOFTWARE FAILURE
Baja,SOFTWARE FAILURE
Baja,HARDWARE FAILURE
Media,SOFTWARE FAILURE
Media,SOFTWARE FAILURE
Baja,SOFTWARE FAILURE
Baja,DATA ISSUE
Baja,SOFTWARE FAILURE
Media,SOFTWARE FAILURE
Baja,PERFORMANCE ISSUE
Media,PERFORMANCE ISSUE
Media,PERFORMANCE ISSUE
Media,SOFTWARE FAILURE
Media,SOFTWARE FAILURE
Media,SOFTWARE FAILURE
Baja,SOFTWARE FAILURE
Baja,SOFTWARE FAILURE
Baja,SOFTWARE FAILURE
Baja,SOFTWARE FAILURE
Media,DEFAULT
Media,SOFTWARE FAILURE
Media,SOFTWARE FAILURE
Baja,SOFTWARE FAILURE
Baja,SOFTWARE FAILURE
Media,SOFTWARE FAILURE
Media,SOFTWARE FAILURE
Baja,SOFTWARE FAILURE
Media,SOFTWARE FAILURE
Baja,SOFTWARE FAILURE
Baja,ACCESS FAILURE
Media,SOFTWARE FAILURE
Media,SOFTWARE FAILURE
Media,SOFTWARE FAILURE
Baja,SOFTWARE FAILURE
Baja,DATA ISSUE
Media,SOFTWARE FAILURE
Baja,SOFTWARE FAILURE
Baja,SOFTWARE FAILURE
Baja,SOFTWARE FAILURE
Media,SOFTWARE FAILURE
Baja,SOFTWARE FAILURE
Media,SOFTWARE FAILURE
Media,SOFTWARE FAILURE
Baja,SOFTWARE FAILURE
Media,DEFAULT
Baja,TELEPHONY FAILURE
Media,SOFTWARE FAILURE
Media,SOFTWARE FAILURE
Media,ACCESS FAILURE
Media,SOFTWARE FAILURE
Media,SOFTWARE FAILURE
Baja,SOFTWARE FAILURE
Media,SOFTWARE FAILURE
Media,ACCESS FAILURE
Media,SOFTWARE FAILURE
Media,PERFORMANCE ISSUE
Media,SOFTWARE FAILURE
Media,PERFORMANCE ISSUE
Baja,DATA ISSUE
Baja,ACCESS FAILURE
Baja,ACCESS FAILURE
Baja,ACCESS FAILURE
Baja,SOFTWARE FAILURE
Media,DEFAULT
Media,COMMUNICATIONS FAILURE
Baja,SOFTWARE FAILURE
Baja,SOFTWARE FAILURE
Baja,SOFTWARE FAILURE
Baja,SOFTWARE FAILURE
Media,SOFTWARE FAILURE
Media,DATA ISSUE
Baja,ACCESS FAILURE
Media,SOFTWARE FAILURE
Media,SOFTWARE FAILURE
Baja,ACCESS FAILURE
Media,ACCESS FAILURE
Media,SOFTWARE FAILURE
Media,ACCESS FAILURE
Media,SOFTWARE FAILURE
Baja,SOFTWARE FAILURE
Media,ACCESS FAILURE
Baja,SOFTWARE FAILURE
Media,SOFTWARE FAILURE
Media,SOFTWARE FAILURE
Media,DEFAULT
Baja,ACCESS FAILURE
Media,ACCESS FAILURE
Media,SOFTWARE FAILURE
Media,SOFTWARE FAILURE
Baja,SOFTWARE FAILURE
Media,SOFTWARE FAILURE
Media,ACCESS FAILURE
Baja,DATA ISSUE
Baja,DEFAULT
Media,SOFTWARE FAILURE
Baja,DEFAULT
Baja,DEFAULT
Baja,DEFAULT
Baja,DEFAULT
Baja,DEFAULT
Baja,PERFORMANCE ISSUE
Baja,SOFTWARE FAILURE
Media,SOFTWARE FAILURE
Baja,SOFTWARE FAILURE
Media,ACCESS FAILURE
Media,SOFTWARE FAILURE
Baja,ACCESS FAILURE
Baja,SOFTWARE FAILURE
Media,SOFTWARE FAILURE
Media,SOFTWARE FAILURE
Media,SOFTWARE FAILURE
Media,SOFTWARE FAILURE
Media,SOFTWARE FAILURE
Media,SOFTWARE FAILURE
Media,ACCESS FAILURE
Baja,ACCESS FAILURE
Media,ACCESS FAILURE
Media,SOFTWARE FAILURE
Media,COMMUNICATIONS FAILURE
Media,ACCESS FAILURE
Media,ACCESS FAILURE
Media,ACCESS FAILURE
Baja,ACCESS FAILURE
Baja,DEFAULT
Baja,ACCESS FAILURE
Media,ACCESS FAILURE
Baja,SOFTWARE FAILURE
Media,SOFTWARE FAILURE
Media,PERFORMANCE ISSUE
Baja,SOFTWARE FAILURE
Baja,SOFTWARE FAILURE
Media,SOFTWARE FAILURE
Baja,SOFTWARE FAILURE
Media,TELEPHONY FAILURE
Media,PERFORMANCE ISSUE
Baja,TELEPHONY FAILURE
Baja,SOFTWARE FAILURE
Media,ACCESS FAILURE
Media,SECURITY ISSUE
Media,SECURITY ISSUE.CYBERATTACKS
Media,SOFTWARE FAILURE
Media,SOFTWARE FAILURE
Baja,SOFTWARE FAILURE
Baja,SOFTWARE FAILURE
Media,SOFTWARE FAILURE
Media,PERFORMANCE ISSUE
Media,SOFTWARE FAILURE
Baja,SOFTWARE FAILURE
Media,SOFTWARE FAILURE
Baja,PROCESS FAILURE
Baja,SOFTWARE FAILURE
Media,SOFTWARE FAILURE
Baja,SOFTWARE FAILURE
Media,SOFTWARE FAILURE
Baja,SOFTWARE FAILURE
Media,SOFTWARE FAILURE
Media,SOFTWARE FAILURE
Media,SOFTWARE FAILURE
Baja,ACCESS FAILURE
Media,PERFORMANCE ISSUE
Baja,SOFTWARE FAILURE
Baja,ACCESS FAILURE
Media,SOFTWARE FAILURE
Media,SOFTWARE FAILURE
Media,SOFTWARE FAILURE
Media,SOFTWARE FAILURE
Media,SOFTWARE FAILURE
Media,SOFTWARE FAILURE
Baja,SOFTWARE FAILURE
Baja,SOFTWARE FAILURE
Media,SOFTWARE FAILURE
Media,COMMUNICATIONS FAILURE
Baja,SOFTWARE FAILURE
Media,SOFTWARE FAILURE
Baja,SOFTWARE FAILURE
Media,SOFTWARE FAILURE
Baja,SOFTWARE FAILURE
Baja,SOFTWARE FAILURE
Baja,SOFTWARE FAILURE
Baja,SOFTWARE FAILURE
Media,SOFTWARE FAILURE
Baja,DATA ISSUE
Media,SOFTWARE FAILURE
Media,SOFTWARE FAILURE
Media,SOFTWARE FAILURE
Media,SOFTWARE FAILURE
Media,SOFTWARE FAILURE
Baja,DATA ISSUE
Media,SOFTWARE FAILURE
Baja,SOFTWARE FAILURE
Media,SOFTWARE FAILURE
Baja,HARDWARE FAILURE
Media,SOFTWARE FAILURE
Baja,ACCESS FAILURE
Media,SOFTWARE FAILURE
Media,SOFTWARE FAILURE
Media,SOFTWARE FAILURE
Media,SOFTWARE FAILURE
Baja,ACCESS FAILURE
Media,SOFTWARE FAILURE
Media,PERFORMANCE ISSUE
Media,SOFTWARE FAILURE
Media,SOFTWARE FAILURE
Media,SOFTWARE FAILURE
Media,SOFTWARE FAILURE
Media,SOFTWARE FAILURE
Baja,COMMUNICATIONS FAILURE
Baja,SOFTWARE FAILURE
Media,SOFTWARE FAILURE
Baja,ACCESS FAILURE
Baja,SOFTWARE FAILURE
Baja,SOFTWARE FAILURE
Media,ACCESS FAILURE
Baja,SOFTWARE FAILURE
Baja,SOFTWARE FAILURE
Baja,SOFTWARE FAILURE
Baja,SOFTWARE FAILURE
Baja,SOFTWARE FAILURE
Media,SOFTWARE FAILURE
Media,SOFTWARE FAILURE
Baja,SOFTWARE FAILURE
Media,SOFTWARE FAILURE
Media,SOFTWARE FAILURE
Baja,DATA ISSUE
Media,SOFTWARE FAILURE
Baja,SOFTWARE FAILURE
Baja,SOFTWARE FAILURE
Media,SOFTWARE FAILURE
Media,SOFTWARE FAILURE
Baja,ACCESS FAILURE
Media,SOFTWARE FAILURE
Media,SOFTWARE FAILURE
Media,SOFTWARE FAILURE
Media,SOFTWARE FAILURE
Media,SOFTWARE FAILURE
Media,DATA ISSUE
Media,SOFTWARE FAILURE
Baja,SOFTWARE FAILURE
Media,SOFTWARE FAILURE
Media,PRINTING FAILURE
Baja,SOFTWARE FAILURE
Baja,SOFTWARE FAILURE
Baja,SOFTWARE FAILURE
Media,PERFORMANCE ISSUE
Baja,ACCESS FAILURE
Media,SOFTWARE FAILURE
Media,SOFTWARE FAILURE
Media,ACCESS FAILURE
Baja,SOFTWARE FAILURE
Baja,PROCESS FAILURE
Media,SOFTWARE FAILURE
Media,DEFAULT
Baja,DATA ISSUE
Media,SOFTWARE FAILURE
Media,SOFTWARE FAILURE
Media,SOFTWARE FAILURE
Media,SOFTWARE FAILURE
Media,SOFTWARE FAILURE
Media,SECURITY ISSUE.CYBERATTACKS
Media,SOFTWARE FAILURE
Baja,SOFTWARE FAILURE
Media,SOFTWARE FAILURE
Media,DEFAULT
Baja,SOFTWARE FAILURE
Media,SOFTWARE FAILURE
Baja,SOFTWARE FAILURE
Baja,SOFTWARE FAILURE
Media,SOFTWARE FAILURE
Media,PERFORMANCE ISSUE
Baja,SOFTWARE FAILURE
Media,SOFTWARE FAILURE
Media,SOFTWARE FAILURE
Baja,ACCESS FAILURE
Baja,SOFTWARE FAILURE
Media,SOFTWARE FAILURE
Media,PERFORMANCE ISSUE
Media,COMMUNICATIONS FAILURE
Media,SOFTWARE FAILURE
Media,COMMUNICATIONS FAILURE
Media,SOFTWARE FAILURE
Baja,SOFTWARE FAILURE
Media,SOFTWARE FAILURE
Baja,DATA ISSUE
Media,PERFORMANCE ISSUE
Media,PERFORMANCE ISSUE
Baja,SOFTWARE FAILURE
Baja,SOFTWARE FAILURE
Baja,SOFTWARE FAILURE
Baja,SOFTWARE FAILURE
Media,SOFTWARE FAILURE
Baja,SOFTWARE FAILURE
Media,DEFAULT
Media,SOFTWARE FAILURE
Baja,SOFTWARE WARNING
Baja,ACCESS FAILURE
Baja,ACCESS FAILURE
Media,SOFTWARE FAILURE
Media,ACCESS FAILURE
Media,SOFTWARE FAILURE
Media,SOFTWARE FAILURE
Media,SOFTWARE FAILURE
Baja,ACCESS FAILURE
Media,SECURITY ISSUE
Media,SOFTWARE FAILURE
Baja,SOFTWARE WARNING
Baja,SOFTWARE FAILURE
Media,SOFTWARE FAILURE
Media,SOFTWARE FAILURE
Baja,SOFTWARE FAILURE
Baja,SOFTWARE FAILURE
Media,SOFTWARE FAILURE
Media,ACCESS FAILURE
Baja,SOFTWARE FAILURE
Baja,SOFTWARE FAILURE
Baja,ACCESS FAILURE
Media,SOFTWARE FAILURE
Media,SOFTWARE FAILURE
Media,SOFTWARE FAILURE
Baja,SOFTWARE FAILURE
Media,SOFTWARE FAILURE
Baja,SOFTWARE FAILURE
Baja,SOFTWARE FAILURE
Baja,SOFTWARE FAILURE
Media,SOFTWARE FAILURE
Baja,SOFTWARE FAILURE
Media,SOFTWARE FAILURE
Media,ACCESS FAILURE
Media,DEFAULT
Baja,SOFTWARE FAILURE
Media,SOFTWARE FAILURE
Media,DATA ISSUE
Baja,SOFTWARE WARNING
Media,SOFTWARE FAILURE
Baja,SOFTWARE FAILURE
Media,SOFTWARE FAILURE
Baja,SOFTWARE FAILURE
Media,SOFTWARE FAILURE
Media,SOFTWARE FAILURE
Baja,SOFTWARE WARNING
Media,ACCESS FAILURE
Media,SOFTWARE FAILURE
Baja,HARDWARE FAILURE
Media,SOFTWARE FAILURE
Media,ACCESS FAILURE
Media,SOFTWARE FAILURE
Media,SOFTWARE FAILURE
Baja,SOFTWARE FAILURE
Media,SOFTWARE FAILURE
Media,SOFTWARE FAILURE
Media,SOFTWARE FAILURE
Baja,SOFTWARE FAILURE
Baja,ACCESS FAILURE
Media,ACCESS FAILURE
Media,PERFORMANCE ISSUE
Media,SOFTWARE FAILURE
Media,SOFTWARE FAILURE
Media,PERFORMANCE ISSUE
Media,SOFTWARE FAILURE
Baja,SOFTWARE FAILURE
Media,SOFTWARE FAILURE
Media,SOFTWARE FAILURE
Baja,SOFTWARE FAILURE
Baja,SOFTWARE FAILURE
Baja,SOFTWARE FAILURE
Media,SOFTWARE FAILURE
Baja,SOFTWARE FAILURE
Baja,SOFTWARE FAILURE
Baja,SOFTWARE FAILURE
Media,SOFTWARE FAILURE
Media,SOFTWARE FAILURE
Media,SOFTWARE FAILURE
Media,SOFTWARE FAILURE
Media,SOFTWARE FAILURE
Baja,DATA ISSUE
Baja,SOFTWARE FAILURE
Media,SOFTWARE FAILURE
Baja,ACCESS FAILURE
Baja,SOFTWARE FAILURE
Baja,SOFTWARE FAILURE
Baja,SOFTWARE WARNING
Baja,SOFTWARE FAILURE
Media,SOFTWARE FAILURE
Baja,SOFTWARE FAILURE
Media,SOFTWARE FAILURE
Baja,SOFTWARE FAILURE
Media,SOFTWARE FAILURE
Media,SOFTWARE FAILURE
Media,ACCESS FAILURE
Baja,SOFTWARE FAILURE
Baja,SOFTWARE FAILURE
Baja,SOFTWARE FAILURE
Media,SOFTWARE FAILURE
Media,SOFTWARE FAILURE
Baja,SOFTWARE FAILURE
Baja,SOFTWARE FAILURE
Baja,SOFTWARE FAILURE
Baja,SOFTWARE FAILURE
Media,SOFTWARE FAILURE
Baja,ACCESS FAILURE
Baja,SOFTWARE FAILURE
Baja,DATA ISSUE
Baja,SOFTWARE FAILURE
Baja,SOFTWARE WARNING
Media,SOFTWARE FAILURE
Media,SOFTWARE FAILURE
Media,SOFTWARE FAILURE
Media,SOFTWARE FAILURE
Baja,SOFTWARE FAILURE
Media,SOFTWARE FAILURE
Media,PERFORMANCE ISSUE
Baja,ACCESS FAILURE
Baja,SOFTWARE FAILURE
Media,SOFTWARE FAILURE
Baja,COMMUNICATIONS FAILURE
Media,ACCESS FAILURE
Media,SOFTWARE FAILURE
Media,SOFTWARE FAILURE
Media,SOFTWARE FAILURE
Media,SOFTWARE FAILURE
Media,SOFTWARE FAILURE
Baja,SOFTWARE FAILURE
Media,SOFTWARE FAILURE
Baja,SOFTWARE FAILURE
Baja,SOFTWARE FAILURE
Media,SECURITY ISSUE
Baja,SOFTWARE FAILURE
Baja,SOFTWARE FAILURE
Media,SECURITY ISSUE
Baja,SOFTWARE FAILURE
Baja,DATA ISSUE
Media,SOFTWARE FAILURE
Baja,SOFTWARE FAILURE
Baja,SOFTWARE FAILURE
Media,ACCESS FAILURE
Baja,SOFTWARE FAILURE
Baja,SOFTWARE FAILURE
Baja,SECURITY ISSUE.CYBERATTACKS
Media,SECURITY ISSUE
Media,SOFTWARE FAILURE
Media,ACCESS FAILURE
Media,PERFORMANCE ISSUE
Baja,SOFTWARE FAILURE
Media,SOFTWARE FAILURE
Baja,SOFTWARE FAILURE
Baja,SOFTWARE FAILURE
Baja,SOFTWARE FAILURE
Media,PERFORMANCE ISSUE
Media,SOFTWARE FAILURE
Baja,SOFTWARE FAILURE
Baja,SOFTWARE FAILURE
Baja,SOFTWARE FAILURE
Media,SOFTWARE FAILURE
Baja,SOFTWARE FAILURE
Baja,ACCESS FAILURE
Media,SOFTWARE FAILURE
Media,SOFTWARE FAILURE
Baja,SOFTWARE FAILURE
Media,SOFTWARE FAILURE
Baja,SOFTWARE FAILURE
Media,SOFTWARE FAILURE
Baja,SOFTWARE FAILURE
Baja,SOFTWARE FAILURE
Baja,SOFTWARE FAILURE
Baja,SOFTWARE FAILURE
Baja,SOFTWARE FAILURE
Baja,SOFTWARE FAILURE
Media,SOFTWARE FAILURE
Media,ACCESS FAILURE
Baja,SOFTWARE FAILURE
Media,ACCESS FAILURE
Baja,ACCESS FAILURE
Baja,SOFTWARE FAILURE
Media,SOFTWARE FAILURE
Media,SOFTWARE FAILURE
Baja,ACCESS FAILURE
Media,SOFTWARE FAILURE
Media,SOFTWARE FAILURE
Media,SOFTWARE FAILURE
Media,SOFTWARE FAILURE
Baja,ACCESS FAILURE
Media,ACCESS FAILURE
Media,SOFTWARE FAILURE
Media,SOFTWARE FAILURE
Media,SOFTWARE FAILURE
Media,COMMUNICATIONS FAILURE
Media,SOFTWARE FAILURE
Media,SOFTWARE FAILURE
Media,SOFTWARE FAILURE
Media,SOFTWARE FAILURE
Media,COMMUNICATIONS FAILURE
Baja,SOFTWARE FAILURE
Media,ACCESS FAILURE
Media,SOFTWARE FAILURE
Media,SOFTWARE FAILURE
Baja,SOFTWARE FAILURE
Media,SOFTWARE FAILURE
Media,SECURITY ISSUE.CYBERATTACKS
Media,PERFORMANCE ISSUE
Baja,SOFTWARE FAILURE
Baja,SOFTWARE FAILURE
Media,SOFTWARE FAILURE
Media,ACCESS FAILURE
Media,SOFTWARE FAILURE
Media,SOFTWARE FAILURE
Media,SOFTWARE FAILURE
Baja,ACCESS FAILURE
Media,SOFTWARE FAILURE
Baja,DEFAULT
Media,SOFTWARE FAILURE
Baja,SOFTWARE FAILURE
Baja,SOFTWARE FAILURE
Baja,SOFTWARE FAILURE
Media,SOFTWARE FAILURE
Media,SOFTWARE FAILURE
Baja,SOFTWARE FAILURE
Media,DEFAULT
Media,SOFTWARE FAILURE
Media,COMMUNICATIONS FAILURE
Media,SOFTWARE FAILURE
Baja,SOFTWARE FAILURE
